heart_rate,spo2,temperature,status
78,98,36.5,Normal
82,97,37.1,Normal
95,95,38.2,Warning
100,94,39.0,Critical
85,96,36.9,Normal
105,92,39.5,Critical
89,95,37.8,Warning
75,98,36.2,Normal
110,90,40.1,Critical
92,93,38.0,Warning
80,97,36.8,Normal
98,94,38.5,Warning
120,88,41.0,Critical
77,99,36.4,Normal
87,96,37.5,Normal
102,91,39.2,Critical
83,95,37.0,Normal
74,98,36.3,Normal
75,96,36.8,Normal
76,97,36.5,Normal
85,99,36.5,Normal
73,100,36.2,Normal
68,99,36.9,Normal
88,97,36.3,Normal
70,98,36.9,Normal
85,100,36.3,Normal
79,96,36.4,Normal
70,99,36.3,Normal
67,99,36.3,Normal
74,96,36.8,Normal
88,96,36.5,Normal
72,97,36.6,Normal
86,95,37.3,Warning
89,94,37.5,Warning
94,93,37.9,Warning
103,92,37.8,Warning
102,95,37.6,Warning
58,95,37.4,Warning
87,94,37.9,Warning
103,95,37.6,Warning
92,93,37.7,Warning
90,95,37.2,Warning
67,92,37.3,Warning
61,93,37.8,Warning
66,95,37.5,Warning
108,93,37.7,Warning
110,92,37.8,Warning
46,83,40.3,Critical
139,81,38.8,Critical
127,84,39,Critical
39,89,38.2,Critical
146,81,39.5,Critical
134,91,39.9,Critical
115,91,40.2,Critical
121,91,39.1,Critical
34,90,38.2,Critical
160,88,38.4,Critical
149,84,39.4,Critical
158,91,39.2,Critical
34,91,39,Critical
46,84,38.4,Critical
33,85,39.9,Critical